service;date;user_id;UU_id
github.com;14/07/2022;kovvalsky;LAbzianidze
github.com;14/07/2022;lukavdplas;LPvanderPlas
github.com;14/07/2022;73616e646572;SPrins
github.com;14/07/2022;hugoquene;HQuene
github.com;14/07/2022;oktaal;SJJSpoel
github.com;14/07/2022;EgilFischer;EAJFischer
github.com;14/07/2022;Bovi-analytics;MMHostens
github.com;14/07/2022;TabeaSonnenschein;TSSonnenschein
github.com;14/07/2022;emmekeaarts;EAarts
github.com;14/07/2022;dasscheman;DAsscheman
github.com;14/07/2022;VBouwman;VBouwman
github.com;14/07/2022;sara-vanerp;SJvanErp
github.com;14/07/2022;vankesteren;EvanKesteren
github.com;14/07/2022;pcklink;PCKlink
github.com;14/07/2022;rebeccakuiper;RMKuiper
github.com;14/07/2022;cjvanlissa;CJvanLissa
github.com;14/07/2022;terrymyc;YMa1
github.com;14/07/2022;hnunner;HNunner
github.com;14/07/2022;hanneoberman;HIOberman
github.com;14/07/2022;Rensvandeschoot;AGJvandeSchoot
github.com;14/07/2022;sandorspruit;AGLSpruit
github.com;14/07/2022;gerkovink;GVink
github.com;14/07/2022;thomvolker;TBVolker
github.com;14/07/2022;orgs;AMJJBonvin
github.com;14/07/2022;joaomcteixeira;JMCorreiaTeixeira
github.com;14/07/2022;RELabUU;FDalpiaz
github.com;14/07/2022;lauralwd;LWDijkhuizen
github.com;14/07/2022;nanoepics;SFaez
github.com;14/07/2022;mgiulini;MGiulini
github.com;14/07/2022;LauraGomezNavarro;LGomezNavarro
github.com;14/07/2022;rhoitink;LDHoitink
github.com;14/07/2022;jochemhoogendijk;JPCHoogendijk
github.com;14/07/2022;duyguislakoglu;DSIslakoglu
github.com;14/07/2022;kaisakajala;KKajala
github.com;14/07/2022;ekatrukha;YKatrukha
github.com;14/07/2022;ikryven;IVKryven
github.com;14/07/2022;annalenalamprecht;ALLamprecht
github.com;14/07/2022;bokertof;SMelnikov
github.com;14/07/2022;nlpsoc;DPNguyen
github.com;14/07/2022;wooshrow;SWBPrasetya
github.com;14/07/2022;kequach;KQuach
github.com;14/07/2022;aromanowski;ARomanowski
github.com;14/07/2022;stefanoschmidt1995;SSchmidt
github.com;14/07/2022;stan-dev;MILVakar
github.com;14/07/2022;velgias;IVelegrakis
github.com;14/07/2022;annawegmann;AMWegmann
github.com;14/07/2022;pimlai;PYolumBirbil
github.com;14/07/2022;chauncyzhu;CZhu
github.com;14/07/2022;JornBosma;JWBosma
github.com;14/07/2022;bjcs39;BJCornejoCostas
github.com;14/07/2022;davidcortesortuno;DICOCortesOrtuno
github.com;14/07/2022;GAIA-UNIL;MGravey
github.com;14/07/2022;AnnavdKaaden;AvanderKaaden
github.com;14/07/2022;DerekKarssenberg;DJKarssenberg
github.com;14/07/2022;UtrechtRiversEstuaries;MGKleinhans
github.com;14/07/2022;japhir;IJKocken
github.com;14/07/2022;koren007;GBKoren
github.com;14/07/2022;kraaijenbrink;PDAKraaijenbrink
github.com;14/07/2022;jhnienhuis;JHNienhuis
github.com;14/07/2022;tdprice;TDPrice
github.com;14/07/2022;UtrechtCoastalGroup;BGRuessink
github.com;14/07/2022;billjee;ASobhani
github.com;14/07/2022;TabeaSonnenschein;TSSonnenschein
github.com;14/07/2022;gspeed0689;GTSpeed
github.com;14/07/2022;UU-Hydro;EHSutanudjaja
github.com;14/07/2022;jobbo90;JdeVries5
github.com;14/07/2022;vitality-data-center;ZWang3
github.com;14/07/2022;m-wolthers;MWolthers
github.com;14/07/2022;xiedanghan;DXie
github.com;14/07/2022;boer0107;JdeBoer
github.com;14/07/2022;JeroenBosman;JMBosman
github.com;14/07/2022;DorienHuijser;DCHuijser
github.com;14/07/2022;nehamoopen;NMoopen
github.com;14/07/2022;RubenSchalk;RSchalk
github.com;14/07/2022;FelixWdm;FPWeijdema
github.com;14/07/2022;J535D165;JdeBruin1
github.com;14/07/2022;SytseGroenwold;SGroenwold
github.com;14/07/2022;utrechtuniversity;HHu2
github.com;14/07/2022;ShNadi;SNadiNajafabadi
github.com;14/07/2022;jelletreep;HJTreep
github.com;14/07/2022;Southparkfan;FTufan
github.com;14/07/2022;MartineDeVos;MGdeVos
github.com;14/07/2022;lcvriend;LCVriend
